Название облигации;ISIN;Дата размещения;Дата погашения;Ставка купона;Рейтинг;Цвет рейтинга;Ссылка
Банк ПСБ-003Р-13;RU000A10BFF4;2025-04-17;2028-04-13;18.3%;AAA;Зеленый;https://bonds.finam.ru/issue/details040A6/default.asp
Атомэнергопром-001Р-05;RU000A10BFG2;2025-04-17;2030-04-11;17.3%;AAA;Зеленый;https://bonds.finam.ru/issue/details0407A/default.asp
РЖД-001P-38R;RU000A10AZ60;2025-02-26;2030-03-02;17.9%;AAA;Зеленый;https://bonds.finam.ru/issue/details03FA1/default.asp
РЖД-001P-37R;RU000A10AZ45;2025-02-26;2028-08-24;19.5%;AAA;Зеленый;https://bonds.finam.ru/issue/details03FB0/default.asp
РЖД-001P-36R;RU000A10AUE8;2025-02-11;2028-11-22;19.95%;AAA;Зеленый;https://bonds.finam.ru/issue/details03F75/default.asp
РЖД-001P-35R;RU000A10ASZ7;2025-02-04;2028-08-07;20.1%;AAA;Зеленый;https://bonds.finam.ru/issue/details03F3F/default.asp
РЖД-001P-34R;RU000A10ASY0;2025-02-04;2028-07-03;20.1%;AAA;Зеленый;https://bonds.finam.ru/issue/details03F40/default.asp
Банк ДОМ.РФ-СУБ-T2-2;RU000A10A539;2024-11-25;2035-04-02;15.0%;AAA;Зеленый;https://bonds.finam.ru/issue/details03B18/default.asp
Банк ПСБ-003Р-09;RU000A109TJ6;2024-10-18;2027-10-15;20.5%;AAA;Зеленый;https://bonds.finam.ru/issue/details03D50/default.asp
СФО ВТБ РКС Эталон-04;RU000A109NC4;2024-10-07;2032-12-01;21.5%;AAA;Зеленый;https://bonds.finam.ru/issue/details03D29/default.asp
РЖД-001P-33R;RU000A109PF2;2024-10-02;2028-10-29;19.74%;AAA;Зеленый;https://bonds.finam.ru/issue/details03D47/default.asp
ДОМ.РФ Ипотечный агент-БО-001P-47;RU000A109NH3;2024-09-30;2053-05-28;19.3%;AAA;Зеленый;https://bonds.finam.ru/issue/details03D49/default.asp
ДОМ.РФ Ипотечный агент-БО-001P-45;RU000A109L98;2024-09-23;2055-04-28;18.8%;AAA;Зеленый;https://bonds.finam.ru/issue/details03D1C/default.asp
ВТБ-Б-1-359;RU000A109KL1;2024-09-19;2027-09-20;19.0%;AAA;Зеленый;https://bonds.finam.ru/issue/details03C7A/default.asp
СФО СБ Секьюритизация-А;RU000A1097T6;2024-08-30;2033-08-26;20.0%;AAA;Зеленый;https://bonds.finam.ru/issue/details03CCF/default.asp
РЖД-001P-32R;RU000A108Z85;2024-07-15;2029-08-18;16.93%;AAA;Зеленый;https://bonds.finam.ru/issue/details03C54/default.asp
СФО МОС МСП 6-А-2023;RU000A107DR7;2024-05-24;2033-10-26;15.6%;AAA;Зеленый;https://bonds.finam.ru/issue/details0398C/default.asp
ГМК Норильский никель-БО-001Р-07;RU000A1083A6;2024-03-26;2029-02-28;17.3%;AAA;Зеленый;https://bonds.finam.ru/issue/details03B19/default.asp
РЖД-001P-31R;RU000A108124;2024-03-15;2032-03-05;13.39%;AAA;Зеленый;https://bonds.finam.ru/issue/details03AFD/default.asp
РЖД-001P-30R;RU000A107PU5;2024-01-31;2031-02-03;12.4%;AAA;Зеленый;https://bonds.finam.ru/issue/details03A71/default.asp
ДОМ.РФ Ипотечный агент-БО-001P-39;RU000A107G55;2023-12-22;2033-11-28;16.86%;AAA;Зеленый;https://bonds.finam.ru/issue/details03A04/default.asp
Россети Ленэнерго-001P-01;RU000A107EC7;2023-12-18;2027-11-27;16.15%;AAA;Зеленый;https://bonds.finam.ru/issue/details03A0E/default.asp
ФСК - Россети-001P-12R;RU000A107D17;2023-12-12;2027-05-25;12.8%;AAA;Зеленый;https://bonds.finam.ru/issue/details039EE/default.asp
Россети Центр-001P-03;RU000A107AG6;2023-12-05;2027-05-18;15.9%;AAA;Зеленый;https://bonds.finam.ru/issue/details0399C/default.asp
МЕТАЛЛОИНВЕСТ-001P-06;RU000A1079S6;2023-11-28;2027-11-23;17.2%;AAA;Зеленый;https://bonds.finam.ru/issue/details039AB/default.asp
РЖД-001P-29R;RU000A107936;2023-11-24;2030-11-15;12.55%;AAA;Зеленый;https://bonds.finam.ru/issue/details039A2/default.asp
СФО ВТБ РКС Эталон-03;RU000A106ZP6;2023-10-17;2032-12-03;13.5%;AAA;Зеленый;https://bonds.finam.ru/issue/details03823/default.asp
РусГидро-БО-П12;RU000A106ZU6;2023-10-11;2028-10-04;14.2%;AAA;Зеленый;https://bonds.finam.ru/issue/details038FB/default.asp
РЖД-001P-27R;RU000A106VV3;2023-09-13;2027-09-09;12.22%;AAA;Зеленый;https://bonds.finam.ru/issue/details03892/default.asp
РЖД-001P-26R;RU000A106K43;2023-07-17;2028-07-19;8.6%;AAA;Зеленый;https://bonds.finam.ru/issue/details037B2/default.asp
ДОМ.РФ Ипотечный агент-БО-001P-34;RU000A106FM5;2023-06-29;2033-06-28;8.4%;AAA;Зеленый;https://bonds.finam.ru/issue/details03772/default.asp
ФСК - Россети-001P-10R;RU000A1065A3;2023-04-25;2030-04-16;11.15%;AAA;Зеленый;https://bonds.finam.ru/issue/details03685/default.asp
ФСК - Россети-001P-09R;RU000A1065C9;2023-04-25;2028-04-18;10.44%;AAA;Зеленый;https://bonds.finam.ru/issue/details03684/default.asp
Газпром нефть-003P-06R;RU000A106565;2023-04-21;2028-04-14;8.8%;AAA;Зеленый;https://bonds.finam.ru/issue/details03683/default.asp
СФО ВТБ РКС Эталон-02;RU000A1062J1;2023-04-17;2031-04-03;11.0%;AAA;Зеленый;https://bonds.finam.ru/issue/details03535/default.asp
РусГидро-БО-П10;RU000A106037;2023-03-27;2028-03-20;8.8%;AAA;Зеленый;https://bonds.finam.ru/issue/details03621/default.asp
Банк ДОМ.РФ-СУБ-T2-1;RU000A105XG2;2023-03-10;2033-08-26;13.0%;AAA;Зеленый;https://bonds.finam.ru/issue/details03459/default.asp
Полюс-ПБО-03;RU000A105VC5;2023-02-17;2028-02-11;10.4%;AAA;Зеленый;https://bonds.finam.ru/issue/details035B0/default.asp
ДОМ.РФ Ипотечный агент-БО-001P-32;RU000A105NZ3;2022-12-23;2032-11-28;8.2%;AAA;Зеленый;https://bonds.finam.ru/issue/details03505/default.asp
ДОМ.РФ Ипотечный агент-БО-001P-29;RU000A105NN9;2022-12-22;2032-11-28;9.2%;AAA;Зеленый;https://bonds.finam.ru/issue/details034E3/default.asp
ДОМ.РФ Ипотечный агент-БО-001P-26;RU000A105JF3;2022-11-30;2032-11-28;7.97%;AAA;Зеленый;https://bonds.finam.ru/issue/details0349D/default.asp
СФО ВТБ РКС Эталон-01;RU000A105G99;2022-11-21;2030-04-02;11.0%;AAA;Зеленый;https://bonds.finam.ru/issue/details03467/default.asp
ДОМ.РФ Ипотечный агент-БО-001P-22;RU000A1058R2;2022-09-29;2032-09-28;8.6%;AAA;Зеленый;https://bonds.finam.ru/issue/details033B2/default.asp
ВЭБ.РФ-ПБО-001Р-32;RU000A104Z63;2022-07-22;2028-01-14;10.2%;AAA;Зеленый;https://bonds.finam.ru/issue/details032C7/default.asp
ВЭБ.РФ-ПБО-002Р-33;RU000A104Z48;2022-07-21;2027-07-15;10.2%;AAA;Зеленый;https://bonds.finam.ru/issue/details032B7/default.asp
ДОМ.РФ Ипотечный агент-БО-001P-19;RU000A104X32;2022-07-01;2032-06-28;10.15%;AAA;Зеленый;https://bonds.finam.ru/issue/details032AC/default.asp
ДОМ.РФ Ипотечный агент-БО-001P-18;RU000A104UV0;2022-06-03;2032-05-28;11.4%;AAA;Зеленый;https://bonds.finam.ru/issue/details0327A/default.asp
РЖД-001P-25R;RU000A104SY8;2022-05-06;2027-04-30;11.87%;AAA;Зеленый;https://bonds.finam.ru/issue/details0325C/default.asp
РЖД-001P-24R;RU000A104SX0;2022-05-06;2027-04-30;11.87%;AAA;Зеленый;https://bonds.finam.ru/issue/details0325B/default.asp
ДОМ.РФ Ипотечный агент-БО-001P-13;RU000A1041Q0;2021-11-17;2031-10-28;8.15%;AAA;Зеленый;https://bonds.finam.ru/issue/details030AF/default.asp
РЖД-001P-18R;RU000A101H84;2020-03-04;2030-02-20;6.44%;AAA;Зеленый;https://bonds.finam.ru/issue/details028B4/default.asp
РЖД-001P-09R;RU000A0ZZRY2;2018-11-02;2033-10-14;8.0%;AAA;Зеленый;https://bonds.finam.ru/issue/details02326/default.asp
РЖД-001P-08R;RU000A0ZZGT5;2018-08-16;2028-08-03;7.99%;AAA;Зеленый;https://bonds.finam.ru/issue/details022A0/default.asp
ГПБ Финанс-001Р-03Р;RU000A10BG62;2025-04-23;2028-04-07;17.5%;AA+;Зеленый;https://bonds.finam.ru/issue/details040B2/default.asp
СФО ГПБ-СПК-А1;RU000A10AXZ7;2025-03-28;2034-03-26;21.5%;AA+;Зеленый;https://bonds.finam.ru/issue/details03EFB/default.asp
Газпромбанк-005Р-12Р;RU000A108VL0;2024-07-01;2028-02-01;16.5%;AA+;Зеленый;https://bonds.finam.ru/issue/details03C31/default.asp
Россети Московский регион-001Р-06;RU000A108P61;2024-06-14;2027-05-30;17.15%;AA+;Зеленый;https://bonds.finam.ru/issue/details03BEE/default.asp
Газпромбанк-005Р-02Р;RU000A107F49;2023-12-20;2027-06-20;16.0%;AA+;Зеленый;https://bonds.finam.ru/issue/details03A27/default.asp
ФПК-001P-05;RU000A0ZZTL5;2018-11-15;2028-11-02;8.4%;AA+;Зеленый;https://bonds.finam.ru/issue/details02369/default.asp
СФО СОВКОМ СЕКЬЮР-А;RU000A10AST0;2025-02-24;2030-12-31;23.0%;AA;Зеленый;https://bonds.finam.ru/issue/details03E91/default.asp
Европлан-001Р-09;RU000A10ASC6;2025-01-31;2028-07-14;24.0%;AA;Зеленый;https://bonds.finam.ru/issue/details03F23/default.asp
Авто Финанс Банк-БО-001Р-13;RU000A109KY4;2024-09-20;2027-09-17;21.3%;AA;Зеленый;https://bonds.finam.ru/issue/details03D0A/default.asp
НоваБев Групп-БО-П07;RU000A1099A2;2024-08-20;2027-08-05;19.4%;AA;Зеленый;https://bonds.finam.ru/issue/details03CB9/default.asp
Авто Финанс Банк-БО-001Р-12;RU000A108RP9;2024-06-21;2027-06-18;18.2%;AA;Зеленый;https://bonds.finam.ru/issue/details03BEC/default.asp
Группа Черкизово-БО-001Р-06;RU000A105M67;2022-12-15;2027-12-09;11.3%;AA;Зеленый;https://bonds.finam.ru/issue/details034CC/default.asp
НоваБев Групп-БО-П05;RU000A104Y15;2022-07-12;2027-07-06;10.85%;AA;Зеленый;https://bonds.finam.ru/issue/details03290/default.asp
Автодор-БО-003Р-02;RU000A104XR2;2022-07-07;2027-07-01;10.65%;AA;Зеленый;https://bonds.finam.ru/issue/details032A8/default.asp
Автодор-БО-002Р-01;RU000A100030;2018-12-27;2030-12-12;8.5%;AA;Зеленый;https://bonds.finam.ru/issue/details023DE/default.asp
ХК Новотранс-001Р-06;RU000A10BBE6;2025-04-11;2028-09-22;18.75%;AA-;Зеленый;https://bonds.finam.ru/issue/details0404C/default.asp
СФО ТБ-3-А;RU000A10B7T7;2025-04-02;2030-03-26;25.0%;AA-;Зеленый;https://bonds.finam.ru/issue/details04046/default.asp
Балтийский лизинг-БО-П15;RU000A10ATW2;2025-02-28;2028-02-13;23.7%;AA-;Зеленый;https://bonds.finam.ru/issue/details03F76/default.asp
Росагролизинг-002Р-01;RU000A108KT6;2024-05-31;2029-07-04;17.71%;AA-;Зеленый;https://bonds.finam.ru/issue/details03BC3/default.asp
Росагролизинг-001P-05;RU000A108447;2024-03-29;2029-05-02;17.46%;AA-;Зеленый;https://bonds.finam.ru/issue/details03A0F/default.asp
ВымпелКом-003Р-02;RU000A106TS3;2023-09-01;2028-02-14;10.55%;AA-;Зеленый;https://bonds.finam.ru/issue/details03872/default.asp
Восточная Стивидорная Компания-001Р-04R;RU000A106P06;2023-08-04;2028-07-28;12.0%;AA-;Зеленый;https://bonds.finam.ru/issue/details037E6/default.asp
ВымпелКом-001Р-09;RU000A105YV9;2023-03-17;2028-03-20;10.55%;AA-;Зеленый;https://bonds.finam.ru/issue/details03610/default.asp
ВымпелКом-001Р-06;RU000A105TY3;2023-02-10;2028-02-14;10.55%;AA-;Зеленый;https://bonds.finam.ru/issue/details03558/default.asp
Восточная Стивидорная Компания-001Р-03R;RU000A105KR6;2022-12-06;2027-11-30;11.25%;AA-;Зеленый;https://bonds.finam.ru/issue/details03490/default.asp
ХК Новотранс-001Р-03;RU000A105CM4;2022-11-01;2027-10-26;11.7%;AA-;Зеленый;https://bonds.finam.ru/issue/details03380/default.asp
КАМАЗ-БО-11;RU000A0ZZ893;2018-05-29;2033-05-10;8.2%;AA-;Зеленый;https://bonds.finam.ru/issue/details019BB/default.asp
КАМАЗ-БО-10;RU000A0ZZ877;2018-05-29;2033-05-10;8.2%;AA-;Зеленый;https://bonds.finam.ru/issue/details019BA/default.asp
КАМАЗ-БО-09;RU000A0ZZ885;2018-05-29;2033-05-10;8.2%;AA-;Зеленый;https://bonds.finam.ru/issue/details019B9/default.asp
АЛЬФА-БАНК-T2-CR-03;RU000A10BFQ1;2025-04-25;2032-04-18;23.0%;A+;Желтый;https://bonds.finam.ru/issue/details040B8/default.asp
Селигдар-001Р-03;RU000A10B933;2025-04-08;2027-09-25;23.25%;A+;Желтый;https://bonds.finam.ru/issue/details0402F/default.asp
Р-Вижн-001P-02;RU000A10B7W1;2025-04-03;2028-03-18;24.5%;A+;Желтый;https://bonds.finam.ru/issue/details04041/default.asp
ДельтаЛизинг-001P-02;RU000A10B0J3;2025-03-06;2028-02-19;24.0%;A+;Желтый;https://bonds.finam.ru/issue/details03F92/default.asp
ДельтаЛизинг-001P-01;RU000A109U06;2024-10-22;2027-10-07;24.34%;A+;Желтый;https://bonds.finam.ru/issue/details03DBA/default.asp
Российский экологический оператор-02;RU000A106169;2023-03-30;2032-12-18;10.85%;A+;Желтый;https://bonds.finam.ru/issue/details0361E/default.asp
Российский экологический оператор-01;RU000A105RW1;2023-01-25;2032-12-17;10.5%;A+;Желтый;https://bonds.finam.ru/issue/details03526/default.asp
СФО РУСОЛ 1-В;RU000A101D96;2020-02-12;2031-02-15;16.016%;A+;Желтый;https://bonds.finam.ru/issue/details02773/default.asp
СФО РУСОЛ 1-Б;RU000A101DB4;2020-02-12;2031-02-15;13.516%;A+;Желтый;https://bonds.finam.ru/issue/details02772/default.asp
СФО РУСОЛ 1-А;RU000A101DA6;2020-02-12;2031-02-15;9.516%;A+;Желтый;https://bonds.finam.ru/issue/details02771/default.asp
ПИК СЗ-БО-П04;RU000A0ZZ1M2;2018-04-06;2028-03-24;7.75%;A+;Желтый;https://bonds.finam.ru/issue/details021A3/default.asp
ГК Самолет-БО-П16;RU000A10BFX7;2025-04-22;2028-04-06;25.5%;A;Желтый;https://bonds.finam.ru/issue/details040A0/default.asp
ИНАРКТИКА-002Р-02;RU000A10B8R9;2025-04-07;2028-04-03;19.0%;A;Желтый;https://bonds.finam.ru/issue/details04048/default.asp
Интерлизинг-001P-11;RU000A10B4A4;2025-03-20;2029-02-27;24.0%;A;Желтый;https://bonds.finam.ru/issue/details03F99/default.asp
Уралкалий-ПБО-07-P;RU000A10AYM3;2025-02-24;2028-06-26;22.8%;A;Желтый;https://bonds.finam.ru/issue/details03F9B/default.asp
СФО Сплит Финанс 1-01;RU000A10AAQ4;2024-12-12;2028-12-27;25.0%;A;Желтый;https://bonds.finam.ru/issue/details03E55/default.asp
Интерлизинг-001P-10;RU000A10A4N8;2024-11-22;2027-11-07;25.5%;A;Желтый;https://bonds.finam.ru/issue/details03E3E/default.asp
Интерлизинг-001P-09;RU000A109DV5;2024-09-03;2027-08-19;20.6%;A;Желтый;https://bonds.finam.ru/issue/details03CCD/default.asp
Элемент Лизинг-001P-09;RU000A1092S9;2024-07-25;2027-07-10;18.5%;A;Желтый;https://bonds.finam.ru/issue/details03C70/default.asp
Практика ЛК-001P-03;RU000A108Z77;2024-07-12;2027-08-02;18.6%;A;Желтый;https://bonds.finam.ru/issue/details03C47/default.asp
А101-БО-001Р-01;RU000A108KU4;2024-05-31;2027-05-16;17.0%;A;Желтый;https://bonds.finam.ru/issue/details03BC5/default.asp
Каршеринг Руссия-001P-03;RU000A106UW3;2023-09-08;2027-08-18;13.7%;A;Желтый;https://bonds.finam.ru/issue/details03845/default.asp
Первое клиентское бюро-001Р-07;RU000A10BGU1;2025-04-25;2028-04-09;24.5%;A-;Желтый;https://bonds.finam.ru/issue/details0408B/default.asp
Новосибирскавтодор-БО-03;RU000A10B461;2025-03-20;2028-03-04;26.0%;A-;Желтый;https://bonds.finam.ru/issue/details03F68/default.asp
ЕвроТранс-БО-001Р-06;RU000A10ATS0;2025-02-07;2030-01-12;25.0%;A-;Желтый;https://bonds.finam.ru/issue/details03F27/default.asp
Первое клиентское бюро-001Р-06;RU000A10A414;2024-11-20;2027-11-07;26.0%;A-;Желтый;https://bonds.finam.ru/issue/details03E27/default.asp
ЕвроТранс-БО-001Р-05;RU000A10A141;2024-11-11;2029-10-16;25.0%;A-;Желтый;https://bonds.finam.ru/issue/details03DF7/default.asp
ЕвроТранс-БО-001Р-04;RU000A10A133;2024-11-11;2029-10-16;15.0%;A-;Желтый;https://bonds.finam.ru/issue/details03DF6/default.asp
ЯТЭК-001Р-04;RU000A109NF7;2024-09-30;2027-09-17;21.5%;A-;Желтый;https://bonds.finam.ru/issue/details03D24/default.asp
Первое клиентское бюро-001Р-05;RU000A108U72;2024-06-26;2028-06-07;19.0%;A-;Желтый;https://bonds.finam.ru/issue/details03C15/default.asp
ЕвроТранс-002Р-02;RU000A108D81;2024-05-02;2031-03-27;17.0%;A-;Желтый;https://bonds.finam.ru/issue/details03B75/default.asp
ЕвроТранс-002Р-01;RU000A1082G5;2024-03-19;2031-02-11;17.0%;A-;Желтый;https://bonds.finam.ru/issue/details03AC4/default.asp
Роделен-002P-03;RU000A10B2F7;2025-03-13;2030-02-15;25.5%;BBB+;Желтый;https://bonds.finam.ru/issue/details03FB3/default.asp
Воксис-001Р-02;RU000A10B222;2025-03-12;2029-02-19;26.5%;BBB+;Желтый;https://bonds.finam.ru/issue/details03FF4/default.asp
ТГК-14-001Р-05;RU000A10AS02;2025-01-30;2029-01-09;24.75%;BBB+;Желтый;https://bonds.finam.ru/issue/details03F18/default.asp
Воксис-001Р-01;RU000A10AC67;2024-12-25;2028-12-04;28.0%;BBB+;Желтый;https://bonds.finam.ru/issue/details03EC3/default.asp
ТГК-14-001Р-03;RU000A10AEF9;2024-12-19;2028-06-01;26.5%;BBB+;Желтый;https://bonds.finam.ru/issue/details03E9C/default.asp
Медицинский центр Поликлиника.ру-БО-01;RU000A109MH5;2024-09-26;2027-09-11;22.5%;BBB+;Желтый;https://bonds.finam.ru/issue/details03D25/default.asp
РОЛЬФ-001Р-03;RU000A109LC8;2024-09-24;2027-09-09;22.0%;BBB+;Желтый;https://bonds.finam.ru/issue/details03D35/default.asp
Роделен-002P-02;RU000A107SA1;2024-02-13;2028-01-23;18.0%;BBB+;Желтый;https://bonds.finam.ru/issue/details03A7A/default.asp
ТГК-14-001Р-02;RU000A106MW0;2023-08-01;2027-07-27;12.85%;BBB+;Желтый;https://bonds.finam.ru/issue/details037CF/default.asp
Концерн РОССИУМ-002P-03;RU000A102HX7;2020-12-16;2030-12-04;6.0%;BBB+;Желтый;https://bonds.finam.ru/issue/details02C94/default.asp
Концерн РОССИУМ-002P-02;RU000A1021A6;2020-08-17;2030-08-05;6.0%;BBB+;Желтый;https://bonds.finam.ru/issue/details02A3E/default.asp
Концерн РОССИУМ-001Р-01;RU000A0ZZCX6;2018-07-12;2027-12-30;8.62%;BBB+;Желтый;https://bonds.finam.ru/issue/details0225C/default.asp
ГЛОРАКС-001P-04;RU000A10B9Q9;2025-04-09;2028-03-24;25.5%;BBB;Желтый;https://bonds.finam.ru/issue/details0402E/default.asp
ТАЛК лизинг-002P-01;RU000A10B5C7;2025-03-25;2028-03-09;24.5%;BBB;Желтый;https://bonds.finam.ru/issue/details04034/default.asp
ПАТРИОТ ГРУПП-001Р-01;RU000A10B2D2;2025-03-13;2028-02-26;27.0%;BBB;Желтый;https://bonds.finam.ru/issue/details03FF3/default.asp
ЭНЕРГОНИКА-001P-05;RU000A10A4C1;2024-11-21;2029-10-26;28.0%;BBB;Желтый;https://bonds.finam.ru/issue/details03E0E/default.asp
АРЕНЗА-ПРО-001P-06;RU000A10A026;2024-11-05;2027-11-26;24.75%;BBB;Желтый;https://bonds.finam.ru/issue/details03D03/default.asp
Центр развития стоматологии Садко-001P-01;RU000A109SX9;2024-10-16;2028-10-11;23.5%;BBB;Желтый;https://bonds.finam.ru/issue/details03DA4/default.asp
Лазерные системы-БО-01;RU000A109JX8;2024-09-17;2027-09-02;23.25%;BBB;Желтый;https://bonds.finam.ru/issue/details03D06/default.asp
ТАЛК лизинг-001P-03;RU000A109DP7;2024-09-02;2027-08-18;20.5%;BBB;Желтый;https://bonds.finam.ru/issue/details03CF1/default.asp
АРЕНЗА-ПРО-001P-05;RU000A1097C2;2024-08-09;2027-08-30;21.25%;BBB;Желтый;https://bonds.finam.ru/issue/details03C40/default.asp
ТАЛК лизинг-001P-02;RU000A1090A1;2024-07-19;2027-07-04;18.25%;BBB;Желтый;https://bonds.finam.ru/issue/details03C6E/default.asp
ЭНЕРГОНИКА-001P-04;RU000A106R79;2023-08-17;2028-08-10;16.0%;BBB;Желтый;https://bonds.finam.ru/issue/details03809/default.asp
ЛайфСтрим-БО-П02;RU000A1068S9;2023-05-18;2028-05-11;13.5%;BBB;Желтый;https://bonds.finam.ru/issue/details036B6/default.asp
ЭНЕРГОНИКА-001P-03;RU000A105492;2022-08-23;2027-08-17;18.0%;BBB;Желтый;https://bonds.finam.ru/issue/details032E2/default.asp
СЭЗ имени Серго Орджоникидзе-001Р-02;RU000A102556;2020-09-22;2027-09-14;10.75%;BBB;Желтый;https://bonds.finam.ru/issue/details02AF7/default.asp
МФК Мани Мен-БО-02-01;RU000A10BGC9;2025-04-24;2029-04-03;25.5%;BBB-;Желтый;https://bonds.finam.ru/issue/details04095/default.asp
ТЕХНО Лизинг-001Р-07;RU000A10BBG1;2025-04-11;2030-03-16;27.0%;BBB-;Желтый;https://bonds.finam.ru/issue/details04053/default.asp
ЭкономЛизинг-001Р-08;RU000A10B081;2025-03-05;2028-02-18;27.0%;BBB-;Желтый;https://bonds.finam.ru/issue/details03F7C/default.asp
МФК Мани Мен-БО-01;RU000A10AYU6;2025-02-25;2028-02-10;26.5%;BBB-;Желтый;https://bonds.finam.ru/issue/details03DEC/default.asp
МИРРИКО-БО-П02;RU000A10AFQ3;2024-12-24;2027-12-21;25.0%;BBB-;Желтый;https://bonds.finam.ru/issue/details03ECC/default.asp
Виллина-БО-01-001P;RU000A10A505;2024-11-25;2027-11-22;28.0%;BBB-;Желтый;https://bonds.finam.ru/issue/details03E46/default.asp
ВЕРАТЕК-БО-01;RU000A10A0H8;2024-11-06;2027-11-03;26.0%;BBB-;Желтый;https://bonds.finam.ru/issue/details03DEA/default.asp
РегионСпецТранс-БО-01;RU000A109NM3;2024-09-30;2027-09-15;23.5%;BBB-;Желтый;https://bonds.finam.ru/issue/details03D4E/default.asp
Омега-БО-01;RU000A1092T7;2024-07-24;2028-01-05;20.0%;BBB-;Желтый;https://bonds.finam.ru/issue/details03C62/default.asp
МИРРИКО-БО-П01;RU000A109221;2024-07-23;2027-07-20;20.0%;BBB-;Желтый;https://bonds.finam.ru/issue/details03C2F/default.asp
ТД РКС-002Р-04;RU000A108RK0;2024-06-21;2027-06-18;20.0%;BBB-;Желтый;https://bonds.finam.ru/issue/details03BC7/default.asp
Лизинг-Трейд-001Р-11;RU000A107NJ3;2024-01-26;2028-12-30;20.0%;BBB-;Желтый;https://bonds.finam.ru/issue/details03A72/default.asp
ТЕХНО Лизинг-001Р-06;RU000A107FN1;2023-12-21;2028-11-24;17.0%;BBB-;Желтый;https://bonds.finam.ru/issue/details03A28/default.asp
Лизинг-Трейд-001Р-10;RU000A107480;2023-10-23;2028-09-26;20.0%;BBB-;Желтый;https://bonds.finam.ru/issue/details038AD/default.asp
Лизинг-Трейд-001Р-09;RU000A106GB6;2023-07-04;2028-06-07;14.0%;BBB-;Желтый;https://bonds.finam.ru/issue/details03777/default.asp
Лизинг-Трейд-001Р-08;RU000A106987;2023-05-23;2028-04-26;14.5%;BBB-;Желтый;https://bonds.finam.ru/issue/details036DC/default.asp
Лизинг-Трейд-001Р-07;RU000A105WZ4;2023-03-07;2028-02-09;14.5%;BBB-;Желтый;https://bonds.finam.ru/issue/details035EB/default.asp
Лизинг-Трейд-001Р-06;RU000A105RF6;2023-01-19;2027-12-24;14.5%;BBB-;Желтый;https://bonds.finam.ru/issue/details033A7/default.asp
ТЕХНО Лизинг-001Р-05;RU000A103TS0;2021-10-04;2027-09-03;11.5%;BBB-;Желтый;https://bonds.finam.ru/issue/details02FE1/default.asp
Лайм-Займ-001P-04;RU000A10B8C1;2025-04-04;2028-03-19;27.5%;BB+;Красный;https://bonds.finam.ru/issue/details0404B/default.asp
БиоВитрум-001Р-01;RU000A10B7N0;2025-04-02;2028-03-17;28.0%;BB+;Красный;https://bonds.finam.ru/issue/details04043/default.asp
ТЕХНОЛОГИЯ-БО-02;RU000A10B6K8;2025-03-27;2028-03-11;28.0%;BB+;Красный;https://bonds.finam.ru/issue/details03FD2/default.asp
АйДи Коллект-001Р-01;RU000A10B2P6;2025-03-14;2028-02-27;26.0%;BB+;Красный;https://bonds.finam.ru/issue/details03CE4/default.asp
Органик Парк-БО-П01;RU000A10AZN8;2025-02-28;2028-02-13;29.5%;BB+;Красный;https://bonds.finam.ru/issue/details03F11/default.asp
ОЙЛ РЕСУРС ГРУПП-001P-01;RU000A10AHU1;2024-12-28;2029-12-02;33.0%;BB+;Красный;https://bonds.finam.ru/issue/details03D1F/default.asp
Агентство Судебного Взыскания-БО-03-001P;RU000A109TF4;2024-10-18;2027-10-15;25.75%;BB+;Красный;https://bonds.finam.ru/issue/details03CC0/default.asp
АйДи Коллект-001Р-02;RU000A109T74;2024-10-17;2027-10-02;25.0%;BB+;Красный;https://bonds.finam.ru/issue/details03DA7/default.asp
ДиректЛизинг-002Р-03;RU000A1094T3;2024-08-01;2029-07-06;22.0%;BB+;Красный;https://bonds.finam.ru/issue/details03C6B/default.asp
АйДи Коллект-07;RU000A108L65;2024-06-04;2027-05-20;19.0%;BB+;Красный;https://bonds.finam.ru/issue/details03B94/default.asp
БИЗНЕС АЛЬЯНС-001Р-05;RU000A108GM9;2024-05-23;2027-05-08;20.0%;BB+;Красный;https://bonds.finam.ru/issue/details03BD7/default.asp
КОНТРОЛ лизинг-001P-02;RU000A1086N2;2024-04-24;2029-03-29;18.25%;BB+;Красный;https://bonds.finam.ru/issue/details03B17/default.asp
ДиректЛизинг-002Р-02;RU000A1078X8;2023-11-23;2028-10-27;18.0%;BB+;Красный;https://bonds.finam.ru/issue/details039A7/default.asp
КОНТРОЛ лизинг-001P-01;RU000A106T85;2023-08-31;2028-08-04;16.25%;BB+;Красный;https://bonds.finam.ru/issue/details037C8/default.asp
ДиректЛизинг-002Р-01;RU000A106GY8;2023-07-06;2027-07-01;14.0%;BB+;Красный;https://bonds.finam.ru/issue/details03770/default.asp
Сибирский КХП-001P-03;RU000A10BHX3;2025-04-29;2029-04-08;25.5%;BB;Красный;https://bonds.finam.ru/issue/details040C2/default.asp
ЕнисейАгроСоюз-001Р-02;RU000A10B925;2025-04-08;2030-03-13;28.0%;BB;Красный;https://bonds.finam.ru/issue/details04082/default.asp
СибАвтоТранс-001P-05;RU000A10B750;2025-03-28;2030-03-02;26.5%;BB;Красный;https://bonds.finam.ru/issue/details0403A/default.asp
Бианка Премиум-БО-02;RU000A10B5A1;2025-03-25;2028-03-09;28.5%;BB;Красный;https://bonds.finam.ru/issue/details03FC2/default.asp
ДЕВАР ПЕТРО-001Р-01;RU000A10B4L1;2025-03-21;2028-03-05;29.5%;BB;Красный;https://bonds.finam.ru/issue/details0400C/default.asp
А Спэйс-001P-02;RU000A10AYB6;2025-02-21;2028-08-04;31.0%;BB;Красный;https://bonds.finam.ru/issue/details03F24/default.asp
ХРОМОС Инжиниринг-БО-03;RU000A10AXX2;2025-02-20;2028-02-05;29.5%;BB;Красный;https://bonds.finam.ru/issue/details03EB0/default.asp
МГКЛ-001Р-07;RU000A10ATC4;2025-02-06;2030-01-11;30.0%;BB;Красный;https://bonds.finam.ru/issue/details03F49/default.asp
СибАвтоТранс-001P-04;RU000A10A1U9;2024-11-13;2029-10-18;28.0%;BB;Красный;https://bonds.finam.ru/issue/details03E09/default.asp
АВТОАССИСТАНС-001-01;RU000A109UE5;2024-10-23;2027-10-08;23.0%;BB;Красный;https://bonds.finam.ru/issue/details03D80/default.asp
Простая еда-001Р-01;RU000A1099W6;2024-08-23;2027-08-20;23.0%;BB;Красный;https://bonds.finam.ru/issue/details03CDB/default.asp
ВЭББАНКИР-001P-06;RU000A109890;2024-08-14;2028-01-26;23.0%;BB;Красный;https://bonds.finam.ru/issue/details03C9E/default.asp
Бианка Премиум-БО-01;RU000A1097X8;2024-08-13;2027-07-29;23.0%;BB;Красный;https://bonds.finam.ru/issue/details03CAF/default.asp
ХРОМОС Инжиниринг-БО-02;RU000A1094W7;2024-08-01;2029-07-06;22.75%;BB;Красный;https://bonds.finam.ru/issue/details03C8D/default.asp
МГКЛ-001Р-06;RU000A108ZU2;2024-07-17;2029-06-21;23.0%;BB;Красный;https://bonds.finam.ru/issue/details03C67/default.asp
ПЕРВОУРАЛЬСКБАНК-001P-01;RU000A108Y60;2024-07-09;2027-06-24;22.0%;BB;Красный;https://bonds.finam.ru/issue/details03C4A/default.asp
БИЗНЕС-ЛЭНД-БО-01;RU000A108WJ2;2024-07-04;2027-12-30;23.0%;BB;Красный;https://bonds.finam.ru/issue/details03C25/default.asp
Смартфакт-БО-03-001P;RU000A108LN7;2024-06-06;2027-05-22;21.75%;BB;Красный;https://bonds.finam.ru/issue/details03BFC/default.asp
Моторные технологии-001Р-05;RU000A108KV2;2024-05-31;2029-05-25;20.0%;BB;Красный;https://bonds.finam.ru/issue/details03BCC/default.asp
СОБИ-ЛИЗИНГ-001P-05;RU000A108KK5;2024-05-30;2028-05-09;19.25%;BB;Красный;https://bonds.finam.ru/issue/details03BDE/default.asp
ПЛАЗА-Телеком-БО-02;RU000A108E80;2024-05-14;2028-05-09;20.0%;BB;Красный;https://bonds.finam.ru/issue/details03B69/default.asp
А Спэйс-001P-01;RU000A1089A3;2024-04-11;2027-09-23;21.0%;BB;Красный;https://bonds.finam.ru/issue/details03B5A/default.asp
Агротек-БО-05;RU000A1083V2;2024-03-28;2029-03-22;18.0%;BB;Красный;https://bonds.finam.ru/issue/details03AD6/default.asp
Агротек-БО-04;RU000A1083X8;2024-03-28;2029-03-22;18.0%;BB;Красный;https://bonds.finam.ru/issue/details03AC7/default.asp
Племзавод Пушкинское-001P-03;RU000A1080Y2;2024-03-14;2029-03-08;18.0%;BB;Красный;https://bonds.finam.ru/issue/details03AF8/default.asp
Агрофирма Рубеж-001Р-02;RU000A107YT9;2024-03-12;2029-03-06;18.5%;BB;Красный;https://bonds.finam.ru/issue/details03AD4/default.asp
МГКЛ-001Р-05;RU000A107UB5;2024-02-27;2029-02-20;20.0%;BB;Красный;https://bonds.finam.ru/issue/details03AC9/default.asp
ВЭББАНКИР-001P-04;RU000A107U65;2024-02-22;2027-08-05;21.0%;BB;Красный;https://bonds.finam.ru/issue/details03ABF/default.asp
Моторные технологии-001Р-04;RU000A107TD3;2024-02-20;2029-02-13;18.0%;BB;Красный;https://bonds.finam.ru/issue/details03AB6/default.asp
ЕнисейАгроСоюз-001Р-01;RU000A107R29;2024-02-06;2029-01-30;20.0%;BB;Красный;https://bonds.finam.ru/issue/details03A35/default.asp
ПКФ МЕГАТАКТ-НН-БО-01;RU000A107PM2;2024-01-30;2028-01-25;20.0%;BB;Красный;https://bonds.finam.ru/issue/details03A75/default.asp
Сибирский КХП-001P-02;RU000A107P62;2024-01-29;2028-01-24;19.0%;BB;Красный;https://bonds.finam.ru/issue/details03A5F/default.asp
Племзавод Пушкинское-001P-02;RU000A107LU4;2024-01-23;2029-01-16;19.0%;BB;Красный;https://bonds.finam.ru/issue/details039D2/default.asp
СибАвтоТранс-001P-03;RU000A107KV4;2024-01-18;2029-01-11;19.0%;BB;Красный;https://bonds.finam.ru/issue/details03A55/default.asp
Племзавод Пушкинское-001P-01;RU000A107761;2023-11-14;2028-11-07;18.0%;BB;Красный;https://bonds.finam.ru/issue/details0396E/default.asp
Агротек-БО-03;RU000A106YL8;2023-09-28;2027-06-24;16.5%;BB;Красный;https://bonds.finam.ru/issue/details03865/default.asp
МГКЛ-001Р-04;RU000A106MV2;2023-08-01;2028-01-25;16.0%;BB;Красный;https://bonds.finam.ru/issue/details037E8/default.asp
МГКЛ-001Р-03;RU000A106FW4;2023-06-30;2027-06-25;16.0%;BB;Красный;https://bonds.finam.ru/issue/details0376F/default.asp
СибАвтоТранс-001P-02;RU000A106CB5;2023-06-06;2028-05-30;14.5%;BB;Красный;https://bonds.finam.ru/issue/details036F1/default.asp
Агротек-БО-02;RU000A1065Y3;2023-04-27;2027-07-22;15.0%;BB;Красный;https://bonds.finam.ru/issue/details03637/default.asp
МГКЛ-001P-02;RU000A105PJ2;2022-12-27;2027-06-22;16.5%;BB;Красный;https://bonds.finam.ru/issue/details03504/default.asp
Эфферон-01;RU000A105H98;2022-11-24;2027-11-18;17.5%;BB;Красный;https://bonds.finam.ru/issue/details0346B/default.asp
Служба защиты активов-БО-02;RU000A10B7S9;2025-04-02;2028-03-17;28.5%;BB-;Красный;https://bonds.finam.ru/issue/details03FCA/default.asp
Эффективные технологии-001Р-02;RU000A10B354;2025-03-17;2028-03-13;26.5%;BB-;Красный;https://bonds.finam.ru/issue/details03FE4/default.asp
КЛВЗ КРИСТАЛЛ-001Р-02;RU000A10AZG2;2025-02-27;2028-02-12;28.0%;BB-;Красный;https://bonds.finam.ru/issue/details03F8A/default.asp
ЛАНДСКЕЙП КОНСТРАКШН ХАБ-БО-02;RU000A10AT01;2025-02-04;2028-01-20;31.0%;BB-;Красный;https://bonds.finam.ru/issue/details03F08/default.asp
ЛАНДСКЕЙП КОНСТРАКШН ХАБ-БО-01;RU000A10AMY3;2025-01-16;2028-01-01;31.0%;BB-;Красный;https://bonds.finam.ru/issue/details03F07/default.asp
Служба защиты активов-БО-01;RU000A10AA77;2024-12-10;2027-11-25;31.0%;BB-;Красный;https://bonds.finam.ru/issue/details03E99/default.asp
Волгоградский Завод Весоизмерительной Техники-БО-01;RU000A10A7A8;2024-12-03;2027-11-30;30.0%;BB-;Красный;https://bonds.finam.ru/issue/details03E5C/default.asp
Антерра-БО-03;RU000A10A3Q3;2024-11-19;2027-11-16;30.0%;BB-;Красный;https://bonds.finam.ru/issue/details03DDF/default.asp
ГазТрансСнаб-БО-01;RU000A109RX1;2024-10-10;2029-10-04;25.0%;BB-;Красный;https://bonds.finam.ru/issue/details03D38/default.asp
Мой Самокат-БО-02;RU000A109R50;2024-10-08;2027-09-23;23.0%;BB-;Красный;https://bonds.finam.ru/issue/details03D1D/default.asp
Кеарли Групп-001P-01;RU000A108Q78;2024-06-18;2027-06-03;21.0%;BB-;Красный;https://bonds.finam.ru/issue/details03C16/default.asp
Антерра-БО-02;RU000A108FS8;2024-05-21;2027-05-18;20.0%;BB-;Красный;https://bonds.finam.ru/issue/details03B7A/default.asp
Урожай-БО-04;RU000A108FE8;2024-05-16;2027-11-11;20.0%;BB-;Красный;https://bonds.finam.ru/issue/details03B64/default.asp
МФК Быстроденьги-002P-06;RU000A108F63;2024-05-16;2027-10-28;21.0%;BB-;Красный;https://bonds.finam.ru/issue/details03BBD/default.asp
ГазТрансСнаб-001P-01;RU000A1075D6;2023-10-31;2028-10-24;20.0%;BB-;Красный;https://bonds.finam.ru/issue/details03966/default.asp
Альфа Дон Транс-001P-01;RU000A106Y70;2023-09-26;2027-09-21;18.0%;BB-;Красный;https://bonds.finam.ru/issue/details032DC/default.asp
Электроаппарат-БО-02;RU000A106UL6;2023-09-08;2027-09-03;16.0%;BB-;Красный;https://bonds.finam.ru/issue/details03891/default.asp
ИА Титан-5-Б;RU000A105UD5;2023-02-16;2050-06-26;11.0%;BB-;Красный;https://bonds.finam.ru/issue/details035A5/default.asp
ИА Титан-5-А;RU000A105UC7;2023-02-16;2050-06-26;10.65%;BB-;Красный;https://bonds.finam.ru/issue/details035A4/default.asp
С-Принт-БО-01;RU000A10BGE5;2025-04-24;2030-03-29;32.0%;B+;Красный;https://bonds.finam.ru/issue/details040AC/default.asp
Роял Капитал-БО-02;RU000A10BB83;2025-04-10;2028-03-25;31.0%;B+;Красный;https://bonds.finam.ru/issue/details0405A/default.asp
Пионер-Лизинг-03;RU000A10B4T4;2025-03-24;2035-01-31;31.0%;B+;Красный;https://bonds.finam.ru/issue/details03F97/default.asp
Глобал Факторинг Нетворк Рус-БО-07-001P;RU000A10B3V2;2025-03-18;2029-02-25;29.0%;B+;Красный;https://bonds.finam.ru/issue/details0401C/default.asp
Михайловский Молочный Завод-001P-02;RU000A10B255;2025-03-12;2029-02-19;27.0%;B+;Красный;https://bonds.finam.ru/issue/details03FFB/default.asp
Нафтатранс плюс-БО-07;RU000A10B1M5;2025-03-10;2029-02-17;28.0%;B+;Красный;https://bonds.finam.ru/issue/details03F93/default.asp
ТК Магнум Ойл-БО-01;RU000A10AMP1;2025-01-14;2027-12-30;34.0%;B+;Красный;https://bonds.finam.ru/issue/details03EEC/default.asp
Нафтатранс плюс-БО-06;RU000A10ADH7;2024-12-18;2027-12-03;30.0%;B+;Красный;https://bonds.finam.ru/issue/details03EA1/default.asp
Глобал Факторинг Нетворк Рус-БО-06-001P;RU000A10AAF7;2024-12-11;2028-11-20;31.0%;B+;Красный;https://bonds.finam.ru/issue/details03E7C/default.asp
СЛДК-001Р-01;RU000A109XN0;2024-10-29;2027-10-26;26.0%;B+;Красный;https://bonds.finam.ru/issue/details03D1A/default.asp
Остров Машин-001Р-01;RU000A109SJ8;2024-10-15;2027-09-30;26.0%;B+;Красный;https://bonds.finam.ru/issue/details03D9A/default.asp
СОЛИД СпецАвтоТехЛизинг-01;RU000A109NA8;2024-09-27;2028-03-10;24.0%;B+;Красный;https://bonds.finam.ru/issue/details03D28/default.asp
С-Принт-001Р-02;RU000A1098H9;2024-08-15;2029-08-09;23.0%;B+;Красный;https://bonds.finam.ru/issue/details03CC4/default.asp
Пионер-Лизинг-02;RU000A1090H6;2024-07-22;2034-05-31;22.26%;B+;Красный;https://bonds.finam.ru/issue/details03C0D/default.asp
Михайловский Молочный Завод-001P-01;RU000A108YZ4;2024-07-11;2027-06-26;20.0%;B+;Красный;https://bonds.finam.ru/issue/details03C50/default.asp
Глобал Факторинг Нетворк Рус-БО-05-001P;RU000A108VZ0;2024-07-02;2028-06-11;23.0%;B+;Красный;https://bonds.finam.ru/issue/details03C27/default.asp
С-Принт-001P-01;RU000A108BE7;2024-04-23;2029-04-17;20.0%;B+;Красный;https://bonds.finam.ru/issue/details03B7B/default.asp
Солид-Лизинг-БО-02;RU000A107W71;2024-03-01;2027-08-27;21.0%;B+;Красный;https://bonds.finam.ru/issue/details03AAA/default.asp
Глобал Факторинг Нетворк Рус-БО-04-001P;RU000A107CJ6;2023-12-11;2027-11-20;20.5%;B+;Красный;https://bonds.finam.ru/issue/details039F5/default.asp
ПК СМАК-БО-П02;RU000A106UA9;2023-09-07;2027-08-17;16.0%;B+;Красный;https://bonds.finam.ru/issue/details0388A/default.asp
Глобал Факторинг Нетворк Рус-БО-03-001P;RU000A106LS0;2023-07-26;2027-07-05;14.75%;B+;Красный;https://bonds.finam.ru/issue/details037DC/default.asp
Сергиево-Посадский мясокомбинат-БО-02;RU000A106FN3;2023-06-29;2027-06-08;14.4%;B+;Красный;https://bonds.finam.ru/issue/details03723/default.asp
Пионер-Лизинг-01;RU000A104V00;2022-06-07;2032-04-15;19.18%;B+;Красный;https://bonds.finam.ru/issue/details0325A/default.asp
Пионер-Лизинг-БО-П03;RU000A1013N6;2019-11-26;2029-10-04;13.25%;B+;Красный;https://bonds.finam.ru/issue/details026EC/default.asp
Пионер-Лизинг-БО-П02;RU000A1006C3;2019-03-15;2029-01-21;14.0%;B+;Красный;https://bonds.finam.ru/issue/details02417/default.asp
Центр-резерв-БО-04;RU000A10B7D1;2025-03-31;2028-03-15;29.5%;B;Красный;https://bonds.finam.ru/issue/details0404A/default.asp
Нэппи Клаб-БО-01;RU000A109KG1;2024-09-19;2027-09-04;25.25%;B;Красный;https://bonds.finam.ru/issue/details03CE6/default.asp
СФО РЛО-А;RU000A1095N3;2024-09-12;2029-09-06;19.0%;B;Красный;https://bonds.finam.ru/issue/details03CC1/default.asp
АгроДом-БО-01;RU000A109AU3;2024-08-27;2028-02-22;24.0%;B;Красный;https://bonds.finam.ru/issue/details03CDF/default.asp
СибСульфур-БО-01-001P;RU000A1098T4;2024-08-15;2027-08-12;25.0%;B;Красный;https://bonds.finam.ru/issue/details03CC7/default.asp
Нижегородец Восток-БО-01;RU000A108LL1;2024-06-06;2029-05-31;21.0%;B;Красный;https://bonds.finam.ru/issue/details03BF6/default.asp
Центр-резерв-БО-03;RU000A107P47;2024-01-26;2028-01-05;19.0%;B;Красный;https://bonds.finam.ru/issue/details03A73/default.asp
Истринская сыроварня-БО-03;RU000A107C00;2023-12-07;2027-11-16;18.0%;B;Красный;https://bonds.finam.ru/issue/details0395E/default.asp
Мосрегионлифт-БО-02;RU000A106DJ6;2023-06-15;2027-05-25;15.25%;B;Красный;https://bonds.finam.ru/issue/details036EA/default.asp
Агро-Фрегат-БО-01;RU000A108FG3;2024-05-16;2027-05-13;22.5%;B-;Красный;https://bonds.finam.ru/issue/details03BB5/default.asp
Строй Система Механизация-БО-01;RU000A109KK3;2024-09-19;2027-09-16;25.0%;CCC;Красный;https://bonds.finam.ru/issue/details03D08/default.asp
ФИНАНСОВЫЕ СИСТЕМЫ-БО-П01;RU000A1094L0;2024-07-31;2027-07-28;23.0%;D;Красный;https://bonds.finam.ru/issue/details03C6C/default.asp
Интернешнл Петролиум Сервис-БО-01;RU000A10B4H9;2025-03-21;2030-03-15;30.5%;Нет данных;Нет данных;https://bonds.finam.ru/issue/details0402A/default.asp
БЭЛТИ-ГРАНД-БО-П07;RU000A10AQD8;2025-01-27;2028-01-12;25.0%;Нет данных;Нет данных;https://bonds.finam.ru/issue/details03D88/default.asp
Томская область-34072;RU000A10AC75;2024-12-17;2027-12-12;26.0%;Нет данных;Нет данных;https://bonds.finam.ru/issue/details03E7B/default.asp
Башкортостан-34014;RU000A10AC91;2024-12-17;2027-12-14;23.75%;Нет данных;Нет данных;https://bonds.finam.ru/issue/details03E7A/default.asp
Новосибирская область-34026;RU000A10ABC2;2024-12-13;2027-11-28;25.5%;Нет данных;Нет данных;https://bonds.finam.ru/issue/details03E0D/default.asp
СФО Аврора Инвест-А1;RU000A109650;2024-10-22;2029-10-16;18.0%;Нет данных;Нет данных;https://bonds.finam.ru/issue/details03CAD/default.asp
Ульяновская область-34009;RU000A109RR3;2024-10-10;2029-10-04;22.5%;Нет данных;Нет данных;https://bonds.finam.ru/issue/details03D4B/default.asp
Якутия-35016;RU000A109L72;2024-09-24;2029-10-28;20.3%;Нет данных;Нет данных;https://bonds.finam.ru/issue/details03CF7/default.asp
Новосибирская область-34024;RU000A1099S4;2024-08-23;2029-08-17;19.5%;Нет данных;Нет данных;https://bonds.finam.ru/issue/details03CB5/default.asp
Ульяновская область-34008;RU000A1087F6;2024-04-11;2029-04-05;16.0%;Нет данных;Нет данных;https://bonds.finam.ru/issue/details03B2D/default.asp
СФО ТЕМП-А;RU000A107FW2;2024-02-06;2029-01-30;14.5%;Нет данных;Нет данных;https://bonds.finam.ru/issue/details03A99/default.asp
Новосибирская область-35023;RU000A107B19;2023-12-01;2030-11-22;12.75%;Нет данных;Нет данных;https://bonds.finam.ru/issue/details039B2/default.asp
СФО Орион Финанс-А;RU000A106ZM3;2023-11-21;2028-11-14;10.0%;Нет данных;Нет данных;https://bonds.finam.ru/issue/details039B3/default.asp
БЭЛТИ-ГРАНД-БО-П06;RU000A1076A0;2023-11-08;2028-10-12;17.0%;Нет данных;Нет данных;https://bonds.finam.ru/issue/details0397B/default.asp
Маэстро-001P-01;RU000A107001;2023-10-10;2028-10-08;14.0%;Нет данных;Нет данных;https://bonds.finam.ru/issue/details038F1/default.asp
РЖД-001P-28R;RU000A106ZL5;2023-10-05;2030-09-20;13.37%;Нет данных;Нет данных;https://bonds.finam.ru/issue/details038DD/default.asp
Магаданская область-34003;RU000A106YE3;2023-09-27;2028-09-20;13.75%;Нет данных;Нет данных;https://bonds.finam.ru/issue/details038B7/default.asp
Ульяновская область-34005;RU000A106607;2023-04-27;2028-04-26;10.6%;Нет данных;Нет данных;https://bonds.finam.ru/issue/details03682/default.asp
Магаданская область-34002;RU000A105NT6;2022-12-23;2027-12-17;10.61%;Нет данных;Нет данных;https://bonds.finam.ru/issue/details034D2/default.asp
СФО Альта-А;RU000A105BZ8;2022-12-22;2027-12-16;10.0%;Нет данных;Нет данных;https://bonds.finam.ru/issue/details034E9/default.asp
Калининградская область-35007;RU000A105ND0;2022-12-22;2029-12-13;10.35%;Нет данных;Нет данных;https://bonds.finam.ru/issue/details034CE/default.asp
СФО Спутник Финанс-А;RU000A104VD6;2022-07-19;2027-07-13;10.0%;Нет данных;Нет данных;https://bonds.finam.ru/issue/details032BA/default.asp
ВТБ-СУБ-Т2-2;RU000A102887;2020-10-14;2031-04-02;6.45%;Нет данных;Нет данных;https://bonds.finam.ru/issue/details02B5E/default.asp
Ситиматик-Югра-01;RU000A0ZZYS0;2018-12-19;2036-12-20;10.0%;Нет данных;Нет данных;https://bonds.finam.ru/issue/details0238F/default.asp
Концессии водоснабжения - Саратов-01;RU000A0ZZWQ8;2018-12-06;2033-12-02;11.0%;Нет данных;Нет данных;https://bonds.finam.ru/issue/details022C3/default.asp
Ситиматик-БО-02;RU000A0ZZ2W9;2018-04-12;2036-12-20;10.5%;Нет данных;Нет данных;https://bonds.finam.ru/issue/details02099/default.asp
ФИНКОНСАЛТ-БО-П02;RU000A0ZYSE5;2018-02-13;2028-02-01;8.0%;Нет данных;Нет данных;https://bonds.finam.ru/issue/details0212E/default.asp
Россия-ОФЗ-29027-ПК;RU000A10AA93;2024-12-11;2036-09-11;21.39%;Ошибка;Ошибка;https://bonds.finam.ru/issue/details03E9E/default.asp
Россия-ОФЗ-29026-ПК;RU000A10A7D2;2024-12-04;2038-09-04;21.38%;Ошибка;Ошибка;https://bonds.finam.ru/issue/details03E73/default.asp
Россия-ОФЗ-26245-ПД;RU000A108EG6;2024-05-15;2035-09-26;12.0%;Ошибка;Ошибка;https://bonds.finam.ru/issue/details03BB7/default.asp
Россия-ОФЗ-26246-ПД;RU000A108EE1;2024-05-15;2036-03-12;12.0%;Ошибка;Ошибка;https://bonds.finam.ru/issue/details03BB8/default.asp
Россия-ОФЗ-26248-ПД;RU000A108EH4;2024-05-15;2040-05-16;12.25%;Ошибка;Ошибка;https://bonds.finam.ru/issue/details03BBA/default.asp
Россия-ОФЗ-26247-ПД;RU000A108EF8;2024-05-15;2039-05-11;12.25%;Ошибка;Ошибка;https://bonds.finam.ru/issue/details03BB9/default.asp
Автодор-002Р-21;RU000A107G97;2023-12-22;2050-12-15;12.94%;Ошибка;Ошибка;https://bonds.finam.ru/issue/details039C3/default.asp
Автодор-002Р-20;RU000A1077W2;2023-11-16;2050-11-09;12.94%;Ошибка;Ошибка;https://bonds.finam.ru/issue/details0352D/default.asp
Россия-ОФЗ-26244-ПД;RU000A1074G2;2023-10-25;2034-03-15;11.25%;Ошибка;Ошибка;https://bonds.finam.ru/issue/details03961/default.asp
Автодор-002Р-19;RU000A107449;2023-10-24;2050-10-17;12.94%;Ошибка;Ошибка;https://bonds.finam.ru/issue/details0352C/default.asp
Россия-ОФЗ-29025-ПК;RU000A106Z61;2023-10-04;2037-08-12;13.6%;Ошибка;Ошибка;https://bonds.finam.ru/issue/details03902/default.asp
Автодор-002Р-18;RU000A106X63;2023-09-19;2050-09-12;12.94%;Ошибка;Ошибка;https://bonds.finam.ru/issue/details03348/default.asp
Россия-ОФЗ-29024-ПК;RU000A1066D5;2023-05-03;2035-04-18;7.37%;Ошибка;Ошибка;https://bonds.finam.ru/issue/details036B3/default.asp
Автодор-002Р-17;RU000A105PW5;2022-12-28;2049-12-21;9.39%;Ошибка;Ошибка;https://bonds.finam.ru/issue/details03347/default.asp
Россия-ОФЗ-29023-ПК;RU000A105L19;2022-12-07;2034-08-23;7.2%;Ошибка;Ошибка;https://bonds.finam.ru/issue/details034C0/default.asp
Россия-ОФЗ-29022-ПК;RU000A105G16;2022-11-16;2033-07-20;7.22%;Ошибка;Ошибка;https://bonds.finam.ru/issue/details0345C/default.asp
Россия-ОФЗ-29021-ПК;RU000A105B11;2022-10-19;2030-11-27;7.29%;Ошибка;Ошибка;https://bonds.finam.ru/issue/details033FA/default.asp
Автодор-002Р-16;RU000A1055F3;2022-09-01;2049-08-25;9.39%;Ошибка;Ошибка;https://bonds.finam.ru/issue/details0326F/default.asp
Автодор-002Р-15;RU000A104Y23;2022-07-13;2049-07-06;9.39%;Ошибка;Ошибка;https://bonds.finam.ru/issue/details0326E/default.asp
Автодор-002Р-14;RU000A104TH1;2022-05-19;2049-05-12;9.39%;Ошибка;Ошибка;https://bonds.finam.ru/issue/details03012/default.asp
Автодор-002Р-13;RU000A104P57;2022-04-13;2049-04-06;9.39%;Ошибка;Ошибка;https://bonds.finam.ru/issue/details03011/default.asp
Автодор-002Р-12;RU000A104C94;2021-12-27;2048-12-20;5.9%;Ошибка;Ошибка;https://bonds.finam.ru/issue/details02FEB/default.asp
Автодор-002Р-11;RU000A103M93;2021-08-31;2048-08-24;5.9%;Ошибка;Ошибка;https://bonds.finam.ru/issue/details02F52/default.asp
Автодор-002Р-10;RU000A1039E0;2021-06-21;2048-06-14;5.9%;Ошибка;Ошибка;https://bonds.finam.ru/issue/details02D11/default.asp
Автодор-002Р-09;RU000A1035B4;2021-05-28;2048-05-21;5.9%;Ошибка;Ошибка;https://bonds.finam.ru/issue/details02D10/default.asp
Автодор-002Р-08;RU000A102PA8;2021-01-28;2048-01-22;5.9%;Ошибка;Ошибка;https://bonds.finam.ru/issue/details02C08/default.asp
Автодор-001Р-31;RU000A1017M9;2019-12-20;2046-12-13;5.3%;Ошибка;Ошибка;https://bonds.finam.ru/issue/details0273E/default.asp
Автодор-001Р-23;RU000A1017D8;2019-12-20;2046-12-13;5.3%;Ошибка;Ошибка;https://bonds.finam.ru/issue/details02736/default.asp
Автодор-001Р-22;RU000A1017F3;2019-12-20;2046-12-13;5.3%;Ошибка;Ошибка;https://bonds.finam.ru/issue/details02735/default.asp
Автодор-001Р-21;RU000A1017K3;2019-12-20;2046-12-13;5.3%;Ошибка;Ошибка;https://bonds.finam.ru/issue/details026AA/default.asp
Автодор-001Р-20;RU000A1017L1;2019-12-20;2046-12-13;5.3%;Ошибка;Ошибка;https://bonds.finam.ru/issue/details026A9/default.asp
Диомидовский рыбный порт-БО-001-03;RU000A1016D0;2019-12-16;2029-12-03;7.0%;Ошибка;Ошибка;https://bonds.finam.ru/issue/details026CC/default.asp
Автодор-001Р-19;RU000A1012A5;2019-11-18;2046-11-11;5.3%;Ошибка;Ошибка;https://bonds.finam.ru/issue/details026A8/default.asp
Автодор-001Р-18;RU000A101285;2019-11-18;2046-11-11;5.3%;Ошибка;Ошибка;https://bonds.finam.ru/issue/details026A7/default.asp
Автодор-001Р-17;RU000A100WH3;2019-10-08;2046-10-01;5.3%;Ошибка;Ошибка;https://bonds.finam.ru/issue/details02547/default.asp
Автодор-001Р-13;RU000A100W45;2019-10-02;2046-09-25;5.3%;Ошибка;Ошибка;https://bonds.finam.ru/issue/details0239C/default.asp
Автодор-001Р-12;RU000A100T99;2019-09-09;2046-09-02;5.3%;Ошибка;Ошибка;https://bonds.finam.ru/issue/details0239B/default.asp
Диомидовский рыбный порт-БО-001-02;RU000A100RX0;2019-08-28;2029-08-15;7.25%;Ошибка;Ошибка;https://bonds.finam.ru/issue/details02612/default.asp
Автодор-001Р-16;RU000A100MP7;2019-07-25;2046-07-18;5.3%;Ошибка;Ошибка;https://bonds.finam.ru/issue/details02546/default.asp
Автодор-001Р-11;RU000A100GL8;2019-06-25;2046-06-18;5.3%;Ошибка;Ошибка;https://bonds.finam.ru/issue/details0239A/default.asp
Автодор-001Р-15;RU000A100CB8;2019-05-14;2046-05-07;5.3%;Ошибка;Ошибка;https://bonds.finam.ru/issue/details0248C/default.asp
Автодор-001Р-10;RU000A100CA0;2019-05-14;2046-05-07;5.3%;Ошибка;Ошибка;https://bonds.finam.ru/issue/details02399/default.asp
Автодор-001Р-14;RU000A100BT2;2019-05-07;2046-04-30;5.3%;Ошибка;Ошибка;https://bonds.finam.ru/issue/details0248B/default.asp
Автодор-001Р-09;RU000A1001Y8;2019-01-29;2046-01-22;5.3%;Ошибка;Ошибка;https://bonds.finam.ru/issue/details02398/default.asp
ТД Энерго-угли-БО-03;RU000A0ZZXU8;2018-12-13;2028-11-30;12.75%;Ошибка;Ошибка;https://bonds.finam.ru/issue/details023C7/default.asp
ТД Энерго-угли-БО-01;RU000A0ZZEX2;2018-07-31;2028-07-18;12.5%;Ошибка;Ошибка;https://bonds.finam.ru/issue/details02280/default.asp
